{
  "train": [
    {
      "input": [
        [
          3,
          1,
          2
        ],
        [
          3,
          1,
          2
        ],
        [
          3,
          1,
          2
        ]
      ],
      "output": [
        [
          4,
          5,
          6
        ],
        [
          4,
          5,
          6
        ],
        [
          4,
          5,
          6
        ]
      ]
    },
    {
      "input": [
        [
          2,
          3,
          8
        ],
        [
          2,
          3,
          8
        ],
        [
          2,
          3,
          8
        ]
      ],
      "output": [
        [
          6,
          4,
          9
        ],
        [
          6,
          4,
          9
        ],
        [
          6,
          4,
          9
        ]
      ]
    },
    {
      "input": [
        [
          5,
          8,
          6
        ],
        [
          5,
          8,
          6
        ],
        [
          5,
          8,
          6
        ]
      ],
      "output": [
        [
          1,
          9,
          2
        ],
        [
          1,
          9,
          2
        ],
        [
          1,
          9,
          2
        ]
      ]
    },
    {
      "input": [
        [
          9,
          4,
          2
        ],
        [
          9,
          4,
          2
        ],
        [
          9,
          4,
          2
        ]
      ],
      "output": [
        [
          8,
          3,
          6
        ],
        [
          8,
          3,
          6
        ],
        [
          8,
          3,
          6
        ]
      ]
    }
  ],
  "test": [
    {
      "input": [
        [
          8,
          1,
          3
        ],
        [
          8,
          1,
          3
        ],
        [
          8,
          1,
          3
        ]
      ],
      "output": [
        [
          9,
          5,
          4
        ],
        [
          9,
          5,
          4
        ],
        [
          9,
          5,
          4
        ]
      ]
    }
  ],
  "predicted_scores": {
    "Colour": 1.2757297673577516e-08,
    "CommonSense": 3.785140963699861e-08,
    "Geometry": 2.0000000000000004e-08,
    "Movement": 5.7016033691803684e-08,
    "Number": 2.0000000000000004e-08,
    "Object": 2.2808214307451655e-08
  },
  "predicted_categories": [
    "Movement",
    "Movement",
    "Movement",
    "Movement"
  ]
}