{
  "train": [
    {
      "input": [
        [
          4,
          4,
          4
        ],
        [
          2,
          3,
          2
        ],
        [
          2,
          3,
          3
        ]
      ],
      "output": [
        [
          5,
          5,
          5
        ],
        [
          0,
          0,
          0
        ],
        [
          0,
          0,
          0
        ]
      ]
    },
    {
      "input": [
        [
          7,
          3,
          3
        ],
        [
          6,
          6,
          6
        ],
        [
          3,
          7,
          7
        ]
      ],
      "output": [
        [
          0,
          0,
          0
        ],
        [
          5,
          5,
          5
        ],
        [
          0,
          0,
          0
        ]
      ]
    },
    {
      "input": [
        [
          2,
          9,
          2
        ],
        [
          4,
          4,
          4
        ],
        [
          9,
          9,
          9
        ]
      ],
      "output": [
        [
          0,
          0,
          0
        ],
        [
          5,
          5,
          5
        ],
        [
          5,
          5,
          5
        ]
      ]
    },
    {
      "input": [
        [
          2,
          2,
          4
        ],
        [
          2,
          2,
          4
        ],
        [
          1,
          1,
          1
        ]
      ],
      "output": [
        [
          0,
          0,
          0
        ],
        [
          0,
          0,
          0
        ],
        [
          5,
          5,
          5
        ]
      ]
    }
  ],
  "test": [
    {
      "input": [
        [
          4,
          4,
          4
        ],
        [
          3,
          2,
          3
        ],
        [
          8,
          8,
          8
        ]
      ],
      "output": [
        [
          5,
          5,
          5
        ],
        [
          0,
          0,
          0
        ],
        [
          5,
          5,
          5
        ]
      ]
    }
  ],
  "predicted_scores": {
    "Colour": 1.0678234305957719e-08,
    "CommonSense": 3.212952351376418e-08,
    "Geometry": 2.0000000000000004e-08,
    "Movement": 4.7142838272904634e-08,
    "Number": 2.6202199566373728e-08,
    "Object": 2.2808214307451655e-08
  },
  "predicted_categories": [
    "Movement",
    "Movement",
    "Movement",
    "Movement"
  ]
}