{
  "test": [
    {
      "input": [
        [
          6,
          4,
          4
        ],
        [
          6,
          6,
          4
        ],
        [
          4,
          6,
          7
        ]
      ],
      "output": [
        [
          7,
          6,
          4
        ],
        [
          4,
          6,
          6
        ],
        [
          4,
          4,
          6
        ]
      ]
    }
  ],
  "train": [
    {
      "input": [
        [
          2,
          2,
          1
        ],
        [
          2,
          1,
          2
        ],
        [
          2,
          8,
          1
        ]
      ],
      "output": [
        [
          1,
          8,
          2
        ],
        [
          2,
          1,
          2
        ],
        [
          1,
          2,
          2
        ]
      ]
    },
    {
      "input": [
        [
          9,
          2,
          4
        ],
        [
          2,
          4,
          4
        ],
        [
          2,
          9,
          2
        ]
      ],
      "output": [
        [
          2,
          9,
          2
        ],
        [
          4,
          4,
          2
        ],
        [
          4,
          2,
          9
        ]
      ]
    },
    {
      "input": [
        [
          8,
          8,
          8
        ],
        [
          5,
          5,
          8
        ],
        [
          8,
          5,
          5
        ]
      ],
      "output": [
        [
          5,
          5,
          8
        ],
        [
          8,
          5,
          5
        ],
        [
          8,
          8,
          8
        ]
      ]
    },
    {
      "input": [
        [
          3,
          2,
          9
        ],
        [
          9,
          9,
          9
        ],
        [
          2,
          3,
          3
        ]
      ],
      "output": [
        [
          3,
          3,
          2
        ],
        [
          9,
          9,
          9
        ],
        [
          9,
          2,
          3
        ]
      ]
    }
  ],
  "predicted_scores": {
    "Colour": 2.0000000000000004e-08,
    "CommonSense": 3.212952351376418e-08,
    "Geometry": 2.0000000000000004e-08,
    "Movement": 5.7016033691803684e-08,
    "Number": 2.0000000000000004e-08,
    "Object": 1.406355865985626e-08
  },
  "predicted_categories": [
    "Movement",
    "Movement",
    "Movement",
    "Movement"
  ]
}