{
  "train": [
    {
      "input": [
        [
          1,
          2
        ],
        [
          3,
          8
        ]
      ],
      "output": [
        [
          0,
          1,
          2,
          0
        ],
        [
          1,
          1,
          2,
          2
        ],
        [
          3,
          3,
          8,
          8
        ],
        [
          0,
          3,
          8,
          0
        ]
      ]
    },
    {
      "input": [
        [
          1,
          8,
          4
        ],
        [
          8,
          3,
          8
        ]
      ],
      "output": [
        [
          0,
          1,
          8,
          4,
          0
        ],
        [
          1,
          1,
          8,
          4,
          4
        ],
        [
          8,
          8,
          3,
          8,
          8
        ],
        [
          0,
          8,
          3,
          8,
          0
        ]
      ]
    },
    {
      "input": [
        [
          2,
          1,
          4
        ],
        [
          8,
          0,
          2
        ],
        [
          3,
          2,
          8
        ]
      ],
      "output": [
        [
          0,
          2,
          1,
          4,
          0
        ],
        [
          2,
          2,
          1,
          4,
          4
        ],
        [
          8,
          8,
          0,
          2,
          2
        ],
        [
          3,
          3,
          2,
          8,
          8
        ],
        [
          0,
          3,
          2,
          8,
          0
        ]
      ]
    }
  ],
  "test": [
    {
      "input": [
        [
          2,
          8
        ],
        [
          1,
          4
        ],
        [
          3,
          4
        ]
      ],
      "output": [
        [
          0,
          2,
          8,
          0
        ],
        [
          2,
          2,
          8,
          8
        ],
        [
          1,
          1,
          4,
          4
        ],
        [
          3,
          3,
          4,
          4
        ],
        [
          0,
          3,
          4,
          0
        ]
      ]
    }
  ],
  "predicted_scores": {
    "Colour": 1.4150962089703415e-06,
    "CommonSense": 2.5784692268649955e-06,
    "Geometry": 2.0000000000000003e-06,
    "Movement": 3.037787765168085e-06,
    "Number": 2.4621850523376827e-06,
    "Object": 2.2039721449004555e-06
  },
  "predicted_categories": [
    "Movement",
    "Movement",
    "Movement"
  ]
}