{
  "train": [
    {
      "input": [
        [
          4,
          4,
          8
        ],
        [
          6,
          4,
          3
        ],
        [
          6,
          3,
          0
        ]
      ],
      "output": [
        [
          4,
          4,
          4
        ],
        [
          4,
          4,
          4
        ],
        [
          4,
          4,
          4
        ]
      ]
    },
    {
      "input": [
        [
          6,
          8,
          9
        ],
        [
          1,
          8,
          1
        ],
        [
          9,
          4,
          9
        ]
      ],
      "output": [
        [
          9,
          9,
          9
        ],
        [
          9,
          9,
          9
        ],
        [
          9,
          9,
          9
        ]
      ]
    },
    {
      "input": [
        [
          4,
          6,
          9
        ],
        [
          6,
          4,
          1
        ],
        [
          8,
          8,
          6
        ]
      ],
      "output": [
        [
          6,
          6,
          6
        ],
        [
          6,
          6,
          6
        ],
        [
          6,
          6,
          6
        ]
      ]
    }
  ],
  "test": [
    {
      "input": [
        [
          8,
          8,
          6
        ],
        [
          4,
          6,
          9
        ],
        [
          8,
          3,
          0
        ]
      ],
      "output": [
        [
          8,
          8,
          8
        ],
        [
          8,
          8,
          8
        ],
        [
          8,
          8,
          8
        ]
      ]
    }
  ],
  "predicted_scores": {
    "Colour": 1.2201263619859986e-06,
    "CommonSense": 3.172033545592348e-06,
    "Geometry": 2.0000000000000003e-06,
    "Movement": 4.442821097759345e-06,
    "Number": 2.0024099807067205e-06,
    "Object": 2.2039721449004555e-06
  },
  "predicted_categories": [
    "Movement",
    "Movement",
    "Movement"
  ]
}