{
  "train": [
    {
      "input": [
        [
          3,
          3,
          8
        ],
        [
          3,
          7,
          0
        ],
        [
          5,
          0,
          0
        ]
      ],
      "output": [
        [
          0,
          0,
          5
        ],
        [
          0,
          7,
          3
        ],
        [
          8,
          3,
          3
        ]
      ]
    },
    {
      "input": [
        [
          5,
          5,
          2
        ],
        [
          1,
          0,
          0
        ],
        [
          0,
          0,
          0
        ]
      ],
      "output": [
        [
          0,
          0,
          0
        ],
        [
          0,
          0,
          1
        ],
        [
          2,
          5,
          5
        ]
      ]
    }
  ],
  "test": [
    {
      "input": [
        [
          6,
          3,
          5
        ],
        [
          6,
          8,
          0
        ],
        [
          4,
          0,
          0
        ]
      ],
      "output": [
        [
          0,
          0,
          4
        ],
        [
          0,
          8,
          6
        ],
        [
          5,
          3,
          6
        ]
      ]
    }
  ],
  "predicted_scores": {
    "Colour": 0.0002,
    "CommonSense": 0.00025212509248663723,
    "Geometry": 0.0002,
    "Movement": 0.00037562630300102276,
    "Number": 0.0002,
    "Object": 0.0001486042206229104
  },
  "predicted_categories": [
    "Movement",
    "Movement"
  ]
}