{
  "train": [
    {
      "input": [
        [
          2,
          2,
          2
        ],
        [
          2,
          1,
          8
        ],
        [
          2,
          8,
          8
        ]
      ],
      "output": [
        [
          2,
          2,
          2
        ],
        [
          2,
          5,
          5
        ],
        [
          2,
          5,
          5
        ]
      ]
    },
    {
      "input": [
        [
          1,
          1,
          1
        ],
        [
          8,
          1,
          3
        ],
        [
          8,
          2,
          2
        ]
      ],
      "output": [
        [
          1,
          1,
          1
        ],
        [
          5,
          1,
          5
        ],
        [
          5,
          5,
          5
        ]
      ]
    },
    {
      "input": [
        [
          2,
          2,
          2
        ],
        [
          8,
          8,
          2
        ],
        [
          2,
          2,
          2
        ]
      ],
      "output": [
        [
          2,
          2,
          2
        ],
        [
          5,
          5,
          2
        ],
        [
          2,
          2,
          2
        ]
      ]
    },
    {
      "input": [
        [
          3,
          3,
          8
        ],
        [
          4,
          4,
          4
        ],
        [
          8,
          1,
          1
        ]
      ],
      "output": [
        [
          5,
          5,
          5
        ],
        [
          4,
          4,
          4
        ],
        [
          5,
          5,
          5
        ]
      ]
    }
  ],
  "test": [
    {
      "input": [
        [
          1,
          3,
          2
        ],
        [
          3,
          3,
          2
        ],
        [
          1,
          3,
          2
        ]
      ],
      "output": [
        [
          5,
          3,
          5
        ],
        [
          3,
          3,
          5
        ],
        [
          5,
          3,
          5
        ]
      ]
    }
  ],
  "predicted_scores": {
    "Colour": 1.115349050390053e-08,
    "CommonSense": 3.565034557974579e-08,
    "Geometry": 2.0000000000000004e-08,
    "Movement": 5.7016033691803684e-08,
    "Number": 1.839619283032302e-08,
    "Object": 2.2808214307451655e-08
  },
  "predicted_categories": [
    "Movement",
    "Movement",
    "Movement",
    "Movement"
  ]
}