{
  "train": [
    {
      "input": [
        [
          0,
          0,
          5
        ],
        [
          0,
          5,
          0
        ],
        [
          5,
          0,
          0
        ]
      ],
      "output": [
        [
          3,
          3,
          3
        ],
        [
          4,
          4,
          4
        ],
        [
          2,
          2,
          2
        ]
      ]
    },
    {
      "input": [
        [
          0,
          0,
          5
        ],
        [
          0,
          0,
          5
        ],
        [
          0,
          0,
          5
        ]
      ],
      "output": [
        [
          3,
          3,
          3
        ],
        [
          3,
          3,
          3
        ],
        [
          3,
          3,
          3
        ]
      ]
    },
    {
      "input": [
        [
          5,
          0,
          0
        ],
        [
          0,
          5,
          0
        ],
        [
          5,
          0,
          0
        ]
      ],
      "output": [
        [
          2,
          2,
          2
        ],
        [
          4,
          4,
          4
        ],
        [
          2,
          2,
          2
        ]
      ]
    },
    {
      "input": [
        [
          0,
          5,
          0
        ],
        [
          0,
          0,
          5
        ],
        [
          0,
          5,
          0
        ]
      ],
      "output": [
        [
          4,
          4,
          4
        ],
        [
          3,
          3,
          3
        ],
        [
          4,
          4,
          4
        ]
      ]
    }
  ],
  "test": [
    {
      "input": [
        [
          0,
          0,
          5
        ],
        [
          5,
          0,
          0
        ],
        [
          0,
          5,
          0
        ]
      ],
      "output": [
        [
          3,
          3,
          3
        ],
        [
          2,
          2,
          2
        ],
        [
          4,
          4,
          4
        ]
      ]
    }
  ],
  "predicted_scores": {
    "Colour": 1.1657262073719912e-08,
    "CommonSense": 4.0410786447757705e-08,
    "Geometry": 2.0000000000000004e-08,
    "Movement": 4.7142838272904634e-08,
    "Number": 2.7181227334135922e-08,
    "Object": 2.2808214307451655e-08
  },
  "predicted_categories": [
    "Movement",
    "Movement",
    "Movement",
    "Movement"
  ]
}