{
  "test": [
    {
      "input": [
        [
          1,
          7,
          7,
          1,
          7
        ],
        [
          8,
          1,
          7,
          7,
          7
        ],
        [
          8,
          7,
          1,
          7,
          8
        ]
      ],
      "output": [
        [
          1,
          5,
          5,
          1,
          5
        ],
        [
          8,
          1,
          5,
          5,
          5
        ],
        [
          8,
          5,
          1,
          5,
          8
        ]
      ]
    }
  ],
  "train": [
    {
      "input": [
        [
          1,
          8,
          8,
          7,
          7,
          8
        ],
        [
          1,
          1,
          7,
          7,
          1,
          8
        ],
        [
          7,
          1,
          1,
          7,
          7,
          8
        ]
      ],
      "output": [
        [
          1,
          8,
          8,
          5,
          5,
          8
        ],
        [
          1,
          1,
          5,
          5,
          1,
          8
        ],
        [
          5,
          1,
          1,
          5,
          5,
          8
        ]
      ]
    },
    {
      "input": [
        [
          7,
          7,
          7,
          1
        ],
        [
          1,
          8,
          1,
          7
        ],
        [
          7,
          1,
          1,
          7
        ]
      ],
      "output": [
        [
          5,
          5,
          5,
          1
        ],
        [
          1,
          8,
          1,
          5
        ],
        [
          5,
          1,
          1,
          5
        ]
      ]
    },
    {
      "input": [
        [
          1,
          8,
          1,
          7,
          1
        ],
        [
          7,
          8,
          8,
          1,
          1
        ],
        [
          7,
          1,
          8,
          8,
          7
        ]
      ],
      "output": [
        [
          1,
          8,
          1,
          5,
          1
        ],
        [
          5,
          8,
          8,
          1,
          1
        ],
        [
          5,
          1,
          8,
          8,
          5
        ]
      ]
    }
  ],
  "predicted_scores": {
    "Colour": 1.380507078953697e-06,
    "CommonSense": 2.8199513389941867e-06,
    "Geometry": 2.0000000000000003e-06,
    "Movement": 5.107250627960687e-06,
    "Number": 2.0000000000000003e-06,
    "Object": 2.2039721449004555e-06
  },
  "predicted_categories": [
    "Movement",
    "Movement",
    "Movement"
  ]
}