{
  "test": [
    {
      "input": [
        [
          7,
          7,
          0
        ],
        [
          0,
          7,
          0
        ],
        [
          0,
          0,
          7
        ]
      ],
      "output": [
        [
          7,
          7,
          0,
          0,
          7,
          7
        ],
        [
          0,
          7,
          0,
          0,
          7,
          0
        ],
        [
          0,
          0,
          7,
          7,
          0,
          0
        ]
      ]
    }
  ],
  "train": [
    {
      "input": [
        [
          0,
          7,
          0
        ],
        [
          0,
          0,
          7
        ],
        [
          0,
          7,
          7
        ]
      ],
      "output": [
        [
          0,
          7,
          0,
          0,
          7,
          0
        ],
        [
          0,
          0,
          7,
          7,
          0,
          0
        ],
        [
          0,
          7,
          7,
          7,
          7,
          0
        ]
      ]
    },
    {
      "input": [
        [
          0,
          0,
          0
        ],
        [
          0,
          7,
          7
        ],
        [
          0,
          0,
          0
        ]
      ],
      "output": [
        [
          0,
          0,
          0,
          0,
          0,
          0
        ],
        [
          0,
          7,
          7,
          7,
          7,
          0
        ],
        [
          0,
          0,
          0,
          0,
          0,
          0
        ]
      ]
    },
    {
      "input": [
        [
          0,
          0,
          0
        ],
        [
          7,
          0,
          0
        ],
        [
          0,
          0,
          0
        ]
      ],
      "output": [
        [
          0,
          0,
          0,
          0,
          0,
          0
        ],
        [
          7,
          0,
          0,
          0,
          0,
          7
        ],
        [
          0,
          0,
          0,
          0,
          0,
          0
        ]
      ]
    }
  ],
  "predicted_scores": {
    "Colour": 2.0000000000000003e-06,
    "CommonSense": 2.5784692268649955e-06,
    "Geometry": 2.0000000000000003e-06,
    "Movement": 3.037787765168085e-06,
    "Number": 2.5721886123234432e-06,
    "Object": 2.2039721449004555e-06
  },
  "predicted_categories": [
    "Movement",
    "Movement",
    "Movement"
  ]
}