{
  "train": [
    {
      "input": [
        [
          0,
          0,
          6
        ],
        [
          0,
          4,
          0
        ],
        [
          3,
          0,
          0
        ]
      ],
      "output": [
        [
          0,
          0,
          6
        ],
        [
          0,
          4,
          6
        ],
        [
          3,
          4,
          6
        ]
      ]
    },
    {
      "input": [
        [
          0,
          2,
          0
        ],
        [
          7,
          0,
          8
        ],
        [
          0,
          0,
          0
        ]
      ],
      "output": [
        [
          0,
          2,
          0
        ],
        [
          7,
          2,
          8
        ],
        [
          7,
          2,
          8
        ]
      ]
    },
    {
      "input": [
        [
          4,
          0,
          0
        ],
        [
          0,
          2,
          0
        ],
        [
          0,
          0,
          0
        ]
      ],
      "output": [
        [
          4,
          0,
          0
        ],
        [
          4,
          2,
          0
        ],
        [
          4,
          2,
          0
        ]
      ]
    }
  ],
  "test": [
    {
      "input": [
        [
          4,
          0,
          8
        ],
        [
          0,
          0,
          0
        ],
        [
          0,
          7,
          0
        ]
      ],
      "output": [
        [
          4,
          0,
          8
        ],
        [
          4,
          0,
          8
        ],
        [
          4,
          7,
          8
        ]
      ]
    }
  ],
  "predicted_scores": {
    "Colour": 2.0000000000000003e-06,
    "CommonSense": 3.3921399513176296e-06,
    "Geometry": 2.0000000000000003e-06,
    "Movement": 4.145038393128772e-06,
    "Number": 2.5721886123234432e-06,
    "Object": 2.2039721449004555e-06
  },
  "predicted_categories": [
    "Movement",
    "Movement",
    "Movement"
  ]
}