{
  "train": [
    {
      "input": [
        [
          0,
          0,
          0
        ],
        [
          1,
          0,
          0
        ],
        [
          0,
          1,
          0
        ]
      ],
      "output": [
        [
          1,
          1
        ]
      ]
    },
    {
      "input": [
        [
          0,
          2,
          0
        ],
        [
          2,
          0,
          0
        ],
        [
          0,
          2,
          0
        ]
      ],
      "output": [
        [
          2,
          2,
          2
        ]
      ]
    },
    {
      "input": [
        [
          0,
          7,
          0
        ],
        [
          0,
          0,
          0
        ],
        [
          0,
          0,
          0
        ]
      ],
      "output": [
        [
          7
        ]
      ]
    },
    {
      "input": [
        [
          0,
          8,
          0
        ],
        [
          8,
          8,
          0
        ],
        [
          8,
          0,
          0
        ]
      ],
      "output": [
        [
          8,
          8,
          8,
          8
        ]
      ]
    }
  ],
  "test": [
    {
      "input": [
        [
          4,
          4,
          0
        ],
        [
          4,
          0,
          4
        ],
        [
          0,
          0,
          4
        ]
      ],
      "output": [
        [
          4,
          4,
          4,
          4,
          4
        ]
      ]
    }
  ],
  "predicted_scores": {
    "Colour": 1.0678234305957719e-08,
    "CommonSense": 2.0011587849707664e-08,
    "Geometry": 2.0000000000000004e-08,
    "Movement": 3.012680458110096e-08,
    "Number": 1.7920936632380205e-08,
    "Object": 2.2808214307451655e-08
  },
  "predicted_categories": [
    "Movement",
    "Movement",
    "Movement",
    "Movement"
  ]
}