{
  "train": [
    {
      "input": [
        [
          3,
          3,
          3,
          3,
          3,
          3
        ],
        [
          9,
          9,
          9,
          9,
          9,
          9
        ]
      ],
      "output": [
        [
          3,
          9,
          3,
          9,
          3,
          9
        ],
        [
          9,
          3,
          9,
          3,
          9,
          3
        ]
      ]
    },
    {
      "input": [
        [
          4,
          4,
          4,
          4,
          4,
          4
        ],
        [
          8,
          8,
          8,
          8,
          8,
          8
        ]
      ],
      "output": [
        [
          4,
          8,
          4,
          8,
          4,
          8
        ],
        [
          8,
          4,
          8,
          4,
          8,
          4
        ]
      ]
    }
  ],
  "test": [
    {
      "input": [
        [
          6,
          6,
          6,
          6,
          6,
          6
        ],
        [
          2,
          2,
          2,
          2,
          2,
          2
        ]
      ],
      "output": [
        [
          6,
          2,
          6,
          2,
          6,
          2
        ],
        [
          2,
          6,
          2,
          6,
          2,
          6
        ]
      ]
    }
  ],
  "predicted_scores": {
    "Colour": 0.0002,
    "CommonSense": 0.00025212509248663723,
    "Geometry": 0.0002,
    "Movement": 0.0004643655489809336,
    "Number": 0.0002,
    "Object": 0.0001486042206229104
  },
  "predicted_categories": [
    "Movement",
    "Movement"
  ]
}