{
  "test": [
    {
      "input": [
        [
          0,
          0,
          0
        ],
        [
          5,
          0,
          0
        ],
        [
          0,
          5,
          5
        ]
      ],
      "output": [
        [
          0,
          0,
          5
        ],
        [
          0,
          0,
          5
        ],
        [
          0,
          5,
          0
        ]
      ]
    }
  ],
  "train": [
    {
      "input": [
        [
          9,
          0,
          0
        ],
        [
          9,
          9,
          9
        ],
        [
          9,
          9,
          9
        ]
      ],
      "output": [
        [
          0,
          9,
          9
        ],
        [
          0,
          9,
          9
        ],
        [
          9,
          9,
          9
        ]
      ]
    },
    {
      "input": [
        [
          6,
          6,
          6
        ],
        [
          0,
          0,
          0
        ],
        [
          6,
          6,
          0
        ]
      ],
      "output": [
        [
          6,
          0,
          0
        ],
        [
          6,
          0,
          6
        ],
        [
          6,
          0,
          6
        ]
      ]
    },
    {
      "input": [
        [
          0,
          0,
          9
        ],
        [
          0,
          0,
          9
        ],
        [
          9,
          9,
          9
        ]
      ],
      "output": [
        [
          9,
          9,
          9
        ],
        [
          0,
          0,
          9
        ],
        [
          0,
          0,
          9
        ]
      ]
    },
    {
      "input": [
        [
          2,
          0,
          2
        ],
        [
          0,
          0,
          2
        ],
        [
          0,
          2,
          2
        ]
      ],
      "output": [
        [
          2,
          2,
          2
        ],
        [
          0,
          0,
          2
        ],
        [
          2,
          0,
          0
        ]
      ]
    }
  ],
  "predicted_scores": {
    "Colour": 2.0000000000000004e-08,
    "CommonSense": 3.212952351376418e-08,
    "Geometry": 2.1904761904761905e-08,
    "Movement": 2.721860276330301e-08,
    "Number": 2.0000000000000004e-08,
    "Object": 1.406355865985626e-08
  },
  "predicted_categories": [
    "CommonSense",
    "CommonSense",
    "CommonSense",
    "CommonSense"
  ]
}